text,label
Bom dia a todos! Apenas para informar 33,0
Preciso de uma reunião para discutir o projeto 291,1
Preciso de uma reunião para discutir o projeto 314,1
Preciso de uma reunião para discutir o projeto 55,1
Preciso de uma reunião para discutir o projeto 387,1
Bom dia a todos! Apenas para informar 14,0
Bom dia a todos! Apenas para informar 87,0
Bom dia a todos! Apenas para informar 163,0
Preciso de uma reunião para discutir o projeto 605,1
Preciso de uma reunião para discutir o projeto 194,1
Preciso de uma reunião para discutir o projeto 324,1
Bom dia a todos! Apenas para informar 133,0
Preciso de uma reunião para discutir o projeto 160,1
Bom dia a todos! Apenas para informar 118,0
Bom dia a todos! Apenas para informar 8,0
Preciso de uma reunião para discutir o projeto 692,1
Preciso de uma reunião para discutir o projeto 346,1
Preciso de uma reunião para discutir o projeto 161,1
Preciso de uma reunião para discutir o projeto 193,1
Bom dia a todos! Apenas para informar 25,0
Bom dia a todos! Apenas para informar 169,0
Preciso de uma reunião para discutir o projeto 43,1
Bom dia a todos! Apenas para informar 176,0
Preciso de uma reunião para discutir o projeto 6,1
Bom dia a todos! Apenas para informar 147,0
Bom dia a todos! Apenas para informar 7,0
Preciso de uma reunião para discutir o projeto 510,1
Bom dia a todos! Apenas para informar 132,0
Preciso de uma reunião para discutir o projeto 722,1
Preciso de uma reunião para discutir o projeto 348,1
Preciso de uma reunião para discutir o projeto 107,1
Bom dia a todos! Apenas para informar 150,0
Preciso de uma reunião para discutir o projeto 330,1
Bom dia a todos! Apenas para informar 185,0
Preciso de uma reunião para discutir o projeto 682,1
Bom dia a todos! Apenas para informar 20,0
Preciso de uma reunião para discutir o projeto 777,1
Preciso de uma reunião para discutir o projeto 517,1
Preciso de uma reunião para discutir o projeto 238,1
Bom dia a todos! Apenas para informar 189,0
Bom dia a todos! Apenas para informar 77,0
Preciso de uma reunião para discutir o projeto 640,1
Bom dia a todos! Apenas para informar 161,0
Preciso de uma reunião para discutir o projeto 527,1
Bom dia a todos! Apenas para informar 143,0
Preciso de uma reunião para discutir o projeto 621,1
Preciso de uma reunião para discutir o projeto 675,1
Bom dia a todos! Apenas para informar 26,0
Bom dia a todos! Apenas para informar 183,0
Bom dia a todos! Apenas para informar 173,0
Bom dia a todos! Apenas para informar 18,0
Bom dia a todos! Apenas para informar 195,0
Preciso de uma reunião para discutir o projeto 159,1
Preciso de uma reunião para discutir o projeto 588,1
Bom dia a todos! Apenas para informar 119,0
Bom dia a todos! Apenas para informar 68,0
Bom dia a todos! Apenas para informar 95,0
Preciso de uma reunião para discutir o projeto 149,1
Preciso de uma reunião para discutir o projeto 710,1
Preciso de uma reunião para discutir o projeto 301,1
Preciso de uma reunião para discutir o projeto 541,1
Preciso de uma reunião para discutir o projeto 543,1
Bom dia a todos! Apenas para informar 41,0
Bom dia a todos! Apenas para informar 40,0
Preciso de uma reunião para discutir o projeto 282,1
Bom dia a todos! Apenas para informar 20,0
Preciso de uma reunião para discutir o projeto 26,1
Bom dia a todos! Apenas para informar 104,0
Preciso de uma reunião para discutir o projeto 496,1
Preciso de uma reunião para discutir o projeto 403,1
Bom dia a todos! Apenas para informar 168,0
Preciso de uma reunião para discutir o projeto 203,1
Bom dia a todos! Apenas para informar 97,0
Preciso de uma reunião para discutir o projeto 733,1
Preciso de uma reunião para discutir o projeto 306,1
Bom dia a todos! Apenas para informar 135,0
Bom dia a todos! Apenas para informar 107,0
Bom dia a todos! Apenas para informar 11,0
Bom dia a todos! Apenas para informar 44,0
Bom dia a todos! Apenas para informar 114,0
Bom dia a todos! Apenas para informar 21,0
Bom dia a todos! Apenas para informar 169,0
Bom dia a todos! Apenas para informar 69,0
Preciso de uma reunião para discutir o projeto 434,1
Bom dia a todos! Apenas para informar 124,0
Bom dia a todos! Apenas para informar 55,0
Preciso de uma reunião para discutir o projeto 7,1
Preciso de uma reunião para discutir o projeto 607,1
Preciso de uma reunião para discutir o projeto 394,1
Preciso de uma reunião para discutir o projeto 558,1
Bom dia a todos! Apenas para informar 79,0
Bom dia a todos! Apenas para informar 44,0
Bom dia a todos! Apenas para informar 155,0
Preciso de uma reunião para discutir o projeto 92,1
Preciso de uma reunião para discutir o projeto 180,1
Preciso de uma reunião para discutir o projeto 137,1
Preciso de uma reunião para discutir o projeto 146,1
Bom dia a todos! Apenas para informar 37,0
Bom dia a todos! Apenas para informar 105,0
Preciso de uma reunião para discutir o projeto 95,1
Preciso de uma reunião para discutir o projeto 237,1
Preciso de uma reunião para discutir o projeto 201,1
Preciso de uma reunião para discutir o projeto 532,1
Preciso de uma reunião para discutir o projeto 4,1
Preciso de uma reunião para discutir o projeto 401,1
Preciso de uma reunião para discutir o projeto 567,1
Preciso de uma reunião para discutir o projeto 773,1
Preciso de uma reunião para discutir o projeto 580,1
Preciso de uma reunião para discutir o projeto 127,1
Bom dia a todos! Apenas para informar 190,0
Bom dia a todos! Apenas para informar 39,0
Preciso de uma reunião para discutir o projeto 694,1
Bom dia a todos! Apenas para informar 165,0
Bom dia a todos! Apenas para informar 98,0
Bom dia a todos! Apenas para informar 199,0
Bom dia a todos! Apenas para informar 99,0
Preciso de uma reunião para discutir o projeto 77,1
Bom dia a todos! Apenas para informar 117,0
Preciso de uma reunião para discutir o projeto 305,1
Preciso de uma reunião para discutir o projeto 557,1
Preciso de uma reunião para discutir o projeto 406,1
Bom dia a todos! Apenas para informar 30,0
Preciso de uma reunião para discutir o projeto 9,1
Preciso de uma reunião para discutir o projeto 598,1
Bom dia a todos! Apenas para informar 118,0
Preciso de uma reunião para discutir o projeto 181,1
Preciso de uma reunião para discutir o projeto 490,1
Preciso de uma reunião para discutir o projeto 569,1
Bom dia a todos! Apenas para informar 79,0
Preciso de uma reunião para discutir o projeto 652,1
Preciso de uma reunião para discutir o projeto 473,1
Bom dia a todos! Apenas para informar 151,0
Bom dia a todos! Apenas para informar 160,0
Bom dia a todos! Apenas para informar 105,0
Preciso de uma reunião para discutir o projeto 723,1
Preciso de uma reunião para discutir o projeto 649,1
Preciso de uma reunião para discutir o projeto 260,1
Bom dia a todos! Apenas para informar 44,0
Bom dia a todos! Apenas para informar 81,0
Preciso de uma reunião para discutir o projeto 27,1
Bom dia a todos! Apenas para informar 61,0
Bom dia a todos! Apenas para informar 191,0
Preciso de uma reunião para discutir o projeto 118,1
Bom dia a todos! Apenas para informar 45,0
Bom dia a todos! Apenas para informar 66,0
Preciso de uma reunião para discutir o projeto 396,1
Preciso de uma reunião para discutir o projeto 247,1
Bom dia a todos! Apenas para informar 129,0
Preciso de uma reunião para discutir o projeto 776,1
Preciso de uma reunião para discutir o projeto 630,1
Preciso de uma reunião para discutir o projeto 390,1
Preciso de uma reunião para discutir o projeto 186,1
Bom dia a todos! Apenas para informar 162,0
Preciso de uma reunião para discutir o projeto 334,1
Preciso de uma reunião para discutir o projeto 671,1
Bom dia a todos! Apenas para informar 7,0
Bom dia a todos! Apenas para informar 102,0
Bom dia a todos! Apenas para informar 28,0
Bom dia a todos! Apenas para informar 8,0
Preciso de uma reunião para discutir o projeto 428,1
Bom dia a todos! Apenas para informar 14,0
Preciso de uma reunião para discutir o projeto 273,1
Bom dia a todos! Apenas para informar 74,0
Preciso de uma reunião para discutir o projeto 246,1
Bom dia a todos! Apenas para informar 142,0
Bom dia a todos! Apenas para informar 187,0
Bom dia a todos! Apenas para informar 78,0
Bom dia a todos! Apenas para informar 138,0
Preciso de uma reunião para discutir o projeto 195,1
Preciso de uma reunião para discutir o projeto 454,1
Preciso de uma reunião para discutir o projeto 792,1
Bom dia a todos! Apenas para informar 102,0
Preciso de uma reunião para discutir o projeto 333,1
Bom dia a todos! Apenas para informar 74,0
Bom dia a todos! Apenas para informar 73,0
Preciso de uma reunião para discutir o projeto 228,1
Bom dia a todos! Apenas para informar 0,0
Preciso de uma reunião para discutir o projeto 311,1
Preciso de uma reunião para discutir o projeto 308,1
Bom dia a todos! Apenas para informar 63,0
Preciso de uma reunião para discutir o projeto 245,1
Preciso de uma reunião para discutir o projeto 422,1
Bom dia a todos! Apenas para informar 154,0
Preciso de uma reunião para discutir o projeto 361,1
Bom dia a todos! Apenas para informar 60,0
Preciso de uma reunião para discutir o projeto 465,1
Bom dia a todos! Apenas para informar 127,0
Preciso de uma reunião para discutir o projeto 299,1
Preciso de uma reunião para discutir o projeto 525,1
Preciso de uma reunião para discutir o projeto 5,1
Preciso de uma reunião para discutir o projeto 117,1
Bom dia a todos! Apenas para informar 192,0
Preciso de uma reunião para discutir o projeto 69,1
Preciso de uma reunião para discutir o projeto 757,1
Preciso de uma reunião para discutir o projeto 683,1
Preciso de uma reunião para discutir o projeto 760,1
Preciso de uma reunião para discutir o projeto 93,1
Bom dia a todos! Apenas para informar 40,0
Preciso de uma reunião para discutir o projeto 432,1
Bom dia a todos! Apenas para informar 87,0
Preciso de uma reunião para discutir o projeto 642,1
Preciso de uma reunião para discutir o projeto 138,1
Preciso de uma reunião para discutir o projeto 363,1
Preciso de uma reunião para discutir o projeto 172,1
Bom dia a todos! Apenas para informar 105,0
Preciso de uma reunião para discutir o projeto 264,1
Bom dia a todos! Apenas para informar 179,0
Preciso de uma reunião para discutir o projeto 589,1
Bom dia a todos! Apenas para informar 76,0
Bom dia a todos! Apenas para informar 77,0
Bom dia a todos! Apenas para informar 79,0
Bom dia a todos! Apenas para informar 87,0
Preciso de uma reunião para discutir o projeto 685,1
Preciso de uma reunião para discutir o projeto 407,1
Preciso de uma reunião para discutir o projeto 613,1
Bom dia a todos! Apenas para informar 99,0
Bom dia a todos! Apenas para informar 153,0
Bom dia a todos! Apenas para informar 177,0
Preciso de uma reunião para discutir o projeto 523,1
Bom dia a todos! Apenas para informar 167,0
Bom dia a todos! Apenas para informar 27,0
Bom dia a todos! Apenas para informar 158,0
Preciso de uma reunião para discutir o projeto 295,1
Bom dia a todos! Apenas para informar 10,0
Preciso de uma reunião para discutir o projeto 780,1
Bom dia a todos! Apenas para informar 167,0
Preciso de uma reunião para discutir o projeto 100,1
Bom dia a todos! Apenas para informar 169,0
Preciso de uma reunião para discutir o projeto 78,1
Preciso de uma reunião para discutir o projeto 115,1
Bom dia a todos! Apenas para informar 145,0
Preciso de uma reunião para discutir o projeto 729,1
Bom dia a todos! Apenas para informar 104,0
Bom dia a todos! Apenas para informar 91,0
Preciso de uma reunião para discutir o projeto 274,1
Bom dia a todos! Apenas para informar 84,0
Preciso de uma reunião para discutir o projeto 145,1
Preciso de uma reunião para discutir o projeto 563,1
Preciso de uma reunião para discutir o projeto 99,1
Bom dia a todos! Apenas para informar 40,0
Bom dia a todos! Apenas para informar 127,0
Bom dia a todos! Apenas para informar 40,0
Preciso de uma reunião para discutir o projeto 524,1
Bom dia a todos! Apenas para informar 156,0
Preciso de uma reunião para discutir o projeto 3,1
Preciso de uma reunião para discutir o projeto 354,1
Preciso de uma reunião para discutir o projeto 617,1
Preciso de uma reunião para discutir o projeto 741,1
Bom dia a todos! Apenas para informar 141,0
Preciso de uma reunião para discutir o projeto 791,1
Bom dia a todos! Apenas para informar 23,0
Preciso de uma reunião para discutir o projeto 293,1
Bom dia a todos! Apenas para informar 30,0
Bom dia a todos! Apenas para informar 174,0
Preciso de uma reunião para discutir o projeto 716,1
Bom dia a todos! Apenas para informar 199,0
Bom dia a todos! Apenas para informar 144,0
Preciso de uma reunião para discutir o projeto 351,1
Preciso de uma reunião para discutir o projeto 480,1
Bom dia a todos! Apenas para informar 159,0
Bom dia a todos! Apenas para informar 35,0
Bom dia a todos! Apenas para informar 96,0
Preciso de uma reunião para discutir o projeto 762,1
Bom dia a todos! Apenas para informar 196,0
Bom dia a todos! Apenas para informar 104,0
Bom dia a todos! Apenas para informar 9,0
Bom dia a todos! Apenas para informar 14,0
Bom dia a todos! Apenas para informar 15,0
Bom dia a todos! Apenas para informar 67,0
Preciso de uma reunião para discutir o projeto 367,1
Bom dia a todos! Apenas para informar 145,0
Bom dia a todos! Apenas para informar 97,0
Bom dia a todos! Apenas para informar 117,0
Bom dia a todos! Apenas para informar 80,0
Preciso de uma reunião para discutir o projeto 680,1
Bom dia a todos! Apenas para informar 187,0
Bom dia a todos! Apenas para informar 61,0
Bom dia a todos! Apenas para informar 40,0
Preciso de uma reunião para discutir o projeto 705,1
Preciso de uma reunião para discutir o projeto 391,1
Preciso de uma reunião para discutir o projeto 487,1
Preciso de uma reunião para discutir o projeto 476,1
Preciso de uma reunião para discutir o projeto 94,1
Bom dia a todos! Apenas para informar 40,0
Bom dia a todos! Apenas para informar 120,0
Bom dia a todos! Apenas para informar 169,0
Bom dia a todos! Apenas para informar 60,0
Bom dia a todos! Apenas para informar 194,0
Bom dia a todos! Apenas para informar 83,0
Preciso de uma reunião para discutir o projeto 272,1
Preciso de uma reunião para discutir o projeto 650,1
Bom dia a todos! Apenas para informar 77,0
Preciso de uma reunião para discutir o projeto 798,1
Bom dia a todos! Apenas para informar 110,0
Preciso de uma reunião para discutir o projeto 520,1
Preciso de uma reunião para discutir o projeto 623,1
Bom dia a todos! Apenas para informar 102,0
Bom dia a todos! Apenas para informar 64,0
Preciso de uma reunião para discutir o projeto 656,1
Preciso de uma reunião para discutir o projeto 591,1
Preciso de uma reunião para discutir o projeto 209,1
Preciso de uma reunião para discutir o projeto 317,1
Preciso de uma reunião para discutir o projeto 313,1
Bom dia a todos! Apenas para informar 30,0
Bom dia a todos! Apenas para informar 54,0
Bom dia a todos! Apenas para informar 64,0
Preciso de uma reunião para discutir o projeto 489,1
Bom dia a todos! Apenas para informar 144,0
Preciso de uma reunião para discutir o projeto 515,1
Bom dia a todos! Apenas para informar 107,0
Bom dia a todos! Apenas para informar 128,0
Preciso de uma reunião para discutir o projeto 359,1
Bom dia a todos! Apenas para informar 147,0
Bom dia a todos! Apenas para informar 85,0
Preciso de uma reunião para discutir o projeto 175,1
Bom dia a todos! Apenas para informar 193,0
Bom dia a todos! Apenas para informar 31,0
Preciso de uma reunião para discutir o projeto 234,1
Bom dia a todos! Apenas para informar 142,0
Preciso de uma reunião para discutir o projeto 788,1
Bom dia a todos! Apenas para informar 91,0
Bom dia a todos! Apenas para informar 140,0
Preciso de uma reunião para discutir o projeto 732,1
Preciso de uma reunião para discutir o projeto 488,1
Preciso de uma reunião para discutir o projeto 416,1
Bom dia a todos! Apenas para informar 62,0
Bom dia a todos! Apenas para informar 76,0
Bom dia a todos! Apenas para informar 10,0
Preciso de uma reunião para discutir o projeto 147,1
Preciso de uma reunião para discutir o projeto 410,1
Bom dia a todos! Apenas para informar 75,0
Preciso de uma reunião para discutir o projeto 661,1
Bom dia a todos! Apenas para informar 51,0
Preciso de uma reunião para discutir o projeto 603,1
Bom dia a todos! Apenas para informar 33,0
Preciso de uma reunião para discutir o projeto 566,1
Bom dia a todos! Apenas para informar 128,0
Preciso de uma reunião para discutir o projeto 231,1
Preciso de uma reunião para discutir o projeto 750,1
Bom dia a todos! Apenas para informar 10,0
Bom dia a todos! Apenas para informar 32,0
Bom dia a todos! Apenas para informar 119,0
Bom dia a todos! Apenas para informar 147,0
Preciso de uma reunião para discutir o projeto 495,1
Bom dia a todos! Apenas para informar 183,0
Bom dia a todos! Apenas para informar 87,0
Preciso de uma reunião para discutir o projeto 585,1
Preciso de uma reunião para discutir o projeto 221,1
Preciso de uma reunião para discutir o projeto 178,1
Bom dia a todos! Apenas para informar 150,0
Bom dia a todos! Apenas para informar 143,0
Bom dia a todos! Apenas para informar 35,0
Bom dia a todos! Apenas para informar 172,0
Bom dia a todos! Apenas para informar 41,0
Preciso de uma reunião para discutir o projeto 35,1
Bom dia a todos! Apenas para informar 14,0
Preciso de uma reunião para discutir o projeto 61,1
Bom dia a todos! Apenas para informar 5,0
Preciso de uma reunião para discutir o projeto 501,1
Preciso de uma reunião para discutir o projeto 693,1
Bom dia a todos! Apenas para informar 14,0
Preciso de uma reunião para discutir o projeto 508,1
Bom dia a todos! Apenas para informar 199,0
Preciso de uma reunião para discutir o projeto 575,1
Preciso de uma reunião para discutir o projeto 472,1
Preciso de uma reunião para discutir o projeto 332,1
Bom dia a todos! Apenas para informar 113,0
Bom dia a todos! Apenas para informar 8,0
Preciso de uma reunião para discutir o projeto 66,1
Bom dia a todos! Apenas para informar 133,0
Preciso de uma reunião para discutir o projeto 42,1
Bom dia a todos! Apenas para informar 14,0
Bom dia a todos! Apenas para informar 23,0
Bom dia a todos! Apenas para informar 18,0
Bom dia a todos! Apenas para informar 150,0
Bom dia a todos! Apenas para informar 171,0
Bom dia a todos! Apenas para informar 59,0
Bom dia a todos! Apenas para informar 117,0
Bom dia a todos! Apenas para informar 179,0
Bom dia a todos! Apenas para informar 43,0
Preciso de uma reunião para discutir o projeto 594,1
Bom dia a todos! Apenas para informar 43,0
Preciso de uma reunião para discutir o projeto 11,1
Preciso de uma reunião para discutir o projeto 322,1
Bom dia a todos! Apenas para informar 65,0
Bom dia a todos! Apenas para informar 154,0
Preciso de uma reunião para discutir o projeto 421,1
Preciso de uma reunião para discutir o projeto 456,1
Bom dia a todos! Apenas para informar 77,0
Bom dia a todos! Apenas para informar 2,0
Preciso de uma reunião para discutir o projeto 790,1
Preciso de uma reunião para discutir o projeto 483,1
Bom dia a todos! Apenas para informar 21,0
Preciso de uma reunião para discutir o projeto 372,1
Preciso de uma reunião para discutir o projeto 609,1
Bom dia a todos! Apenas para informar 188,0
Preciso de uma reunião para discutir o projeto 157,1
Preciso de uma reunião para discutir o projeto 738,1
Bom dia a todos! Apenas para informar 181,0
Preciso de uma reunião para discutir o projeto 230,1
Preciso de uma reunião para discutir o projeto 485,1
Preciso de uma reunião para discutir o projeto 398,1
Preciso de uma reunião para discutir o projeto 302,1
Bom dia a todos! Apenas para informar 137,0
Preciso de uma reunião para discutir o projeto 684,1
Bom dia a todos! Apenas para informar 53,0
Bom dia a todos! Apenas para informar 172,0
Preciso de uma reunião para discutir o projeto 252,1
Preciso de uma reunião para discutir o projeto 426,1
Bom dia a todos! Apenas para informar 125,0
Bom dia a todos! Apenas para informar 26,0
Preciso de uma reunião para discutir o projeto 18,1
Bom dia a todos! Apenas para informar 198,0
Bom dia a todos! Apenas para informar 183,0
Bom dia a todos! Apenas para informar 139,0
Preciso de uma reunião para discutir o projeto 28,1
Bom dia a todos! Apenas para informar 68,0
Preciso de uma reunião para discutir o projeto 449,1
Bom dia a todos! Apenas para informar 116,0
Preciso de uma reunião para discutir o projeto 326,1
Preciso de uma reunião para discutir o projeto 23,1
Bom dia a todos! Apenas para informar 36,0
Bom dia a todos! Apenas para informar 183,0
Bom dia a todos! Apenas para informar 62,0
Preciso de uma reunião para discutir o projeto 287,1
Preciso de uma reunião para discutir o projeto 48,1
Bom dia a todos! Apenas para informar 117,0
Preciso de uma reunião para discutir o projeto 734,1
Bom dia a todos! Apenas para informar 16,0
Bom dia a todos! Apenas para informar 165,0
Bom dia a todos! Apenas para informar 118,0
Preciso de uma reunião para discutir o projeto 486,1
Preciso de uma reunião para discutir o projeto 15,1
Preciso de uma reunião para discutir o projeto 743,1
Preciso de uma reunião para discutir o projeto 163,1
Bom dia a todos! Apenas para informar 137,0
Preciso de uma reunião para discutir o projeto 761,1
Preciso de uma reunião para discutir o projeto 568,1
Bom dia a todos! Apenas para informar 81,0
Preciso de uma reunião para discutir o projeto 717,1
Preciso de uma reunião para discutir o projeto 638,1
Preciso de uma reunião para discutir o projeto 121,1
Bom dia a todos! Apenas para informar 167,0
Bom dia a todos! Apenas para informar 153,0
Preciso de uma reunião para discutir o projeto 139,1
Bom dia a todos! Apenas para informar 184,0
Preciso de uma reunião para discutir o projeto 65,1
Preciso de uma reunião para discutir o projeto 615,1
Bom dia a todos! Apenas para informar 64,0
Bom dia a todos! Apenas para informar 133,0
Preciso de uma reunião para discutir o projeto 655,1
Bom dia a todos! Apenas para informar 87,0
Preciso de uma reunião para discutir o projeto 561,1
Preciso de uma reunião para discutir o projeto 509,1
Preciso de uma reunião para discutir o projeto 342,1
Preciso de uma reunião para discutir o projeto 111,1
Bom dia a todos! Apenas para informar 82,0
Bom dia a todos! Apenas para informar 142,0
Bom dia a todos! Apenas para informar 0,0
Preciso de uma reunião para discutir o projeto 404,1
Bom dia a todos! Apenas para informar 184,0
Preciso de uma reunião para discutir o projeto 244,1
Bom dia a todos! Apenas para informar 140,0
Preciso de uma reunião para discutir o projeto 423,1
Preciso de uma reunião para discutir o projeto 67,1
Bom dia a todos! Apenas para informar 19,0
Preciso de uma reunião para discutir o projeto 593,1
Preciso de uma reunião para discutir o projeto 439,1
Bom dia a todos! Apenas para informar 111,0
Preciso de uma reunião para discutir o projeto 462,1
Bom dia a todos! Apenas para informar 65,0
Bom dia a todos! Apenas para informar 25,0
Bom dia a todos! Apenas para informar 42,0
Bom dia a todos! Apenas para informar 0,0
Bom dia a todos! Apenas para informar 137,0
Bom dia a todos! Apenas para informar 44,0
Bom dia a todos! Apenas para informar 34,0
Preciso de uma reunião para discutir o projeto 45,1
Preciso de uma reunião para discutir o projeto 677,1
Bom dia a todos! Apenas para informar 132,0
Bom dia a todos! Apenas para informar 95,0
Bom dia a todos! Apenas para informar 113,0
Preciso de uma reunião para discutir o projeto 207,1
Preciso de uma reunião para discutir o projeto 727,1
Preciso de uma reunião para discutir o projeto 366,1
Preciso de uma reunião para discutir o projeto 450,1
Bom dia a todos! Apenas para informar 10,0
Preciso de uma reunião para discutir o projeto 83,1
Bom dia a todos! Apenas para informar 55,0
Bom dia a todos! Apenas para informar 75,0
Preciso de uma reunião para discutir o projeto 552,1
Bom dia a todos! Apenas para informar 121,0
Bom dia a todos! Apenas para informar 49,0
Preciso de uma reunião para discutir o projeto 622,1
Preciso de uma reunião para discutir o projeto 739,1
Bom dia a todos! Apenas para informar 82,0
Bom dia a todos! Apenas para informar 182,0
Preciso de uma reunião para discutir o projeto 119,1
Bom dia a todos! Apenas para informar 199,0
Preciso de uma reunião para discutir o projeto 659,1
Preciso de uma reunião para discutir o projeto 799,1
Bom dia a todos! Apenas para informar 157,0
Preciso de uma reunião para discutir o projeto 632,1
Preciso de uma reunião para discutir o projeto 646,1
Preciso de uma reunião para discutir o projeto 592,1
Bom dia a todos! Apenas para informar 39,0
Preciso de uma reunião para discutir o projeto 581,1
Preciso de uma reunião para discutir o projeto 12,1
Bom dia a todos! Apenas para informar 49,0
Preciso de uma reunião para discutir o projeto 712,1
Bom dia a todos! Apenas para informar 134,0
Preciso de uma reunião para discutir o projeto 492,1
Preciso de uma reunião para discutir o projeto 285,1
Preciso de uma reunião para discutir o projeto 169,1
Bom dia a todos! Apenas para informar 58,0
Preciso de uma reunião para discutir o projeto 670,1
Bom dia a todos! Apenas para informar 168,0
Preciso de uma reunião para discutir o projeto 730,1
Preciso de uma reunião para discutir o projeto 1,1
Bom dia a todos! Apenas para informar 37,0
Bom dia a todos! Apenas para informar 135,0
Bom dia a todos! Apenas para informar 185,0
Preciso de uma reunião para discutir o projeto 113,1
Bom dia a todos! Apenas para informar 74,0
Preciso de uma reunião para discutir o projeto 224,1
Preciso de uma reunião para discutir o projeto 73,1
Bom dia a todos! Apenas para informar 98,0
Preciso de uma reunião para discutir o projeto 583,1
Preciso de uma reunião para discutir o projeto 240,1
Preciso de uma reunião para discutir o projeto 304,1
Preciso de uma reunião para discutir o projeto 131,1
Bom dia a todos! Apenas para informar 85,0
Bom dia a todos! Apenas para informar 24,0
Preciso de uma reunião para discutir o projeto 44,1
Bom dia a todos! Apenas para informar 116,0
Bom dia a todos! Apenas para informar 145,0
Bom dia a todos! Apenas para informar 117,0
Bom dia a todos! Apenas para informar 20,0
Preciso de uma reunião para discutir o projeto 540,1
Preciso de uma reunião para discutir o projeto 38,1
Bom dia a todos! Apenas para informar 143,0
Bom dia a todos! Apenas para informar 196,0
Bom dia a todos! Apenas para informar 11,0
Preciso de uma reunião para discutir o projeto 654,1
Preciso de uma reunião para discutir o projeto 239,1
Preciso de uma reunião para discutir o projeto 796,1
Bom dia a todos! Apenas para informar 109,0
Preciso de uma reunião para discutir o projeto 337,1
Bom dia a todos! Apenas para informar 0,0
Preciso de uma reunião para discutir o projeto 628,1
Preciso de uma reunião para discutir o projeto 47,1
Preciso de uma reunião para discutir o projeto 142,1
Bom dia a todos! Apenas para informar 145,0
Bom dia a todos! Apenas para informar 55,0
Preciso de uma reunião para discutir o projeto 602,1
Preciso de uma reunião para discutir o projeto 770,1
Bom dia a todos! Apenas para informar 86,0
Preciso de uma reunião para discutir o projeto 60,1
Bom dia a todos! Apenas para informar 105,0
Preciso de uma reunião para discutir o projeto 222,1
Bom dia a todos! Apenas para informar 112,0
Preciso de uma reunião para discutir o projeto 408,1
Bom dia a todos! Apenas para informar 187,0
Preciso de uma reunião para discutir o projeto 389,1
Preciso de uma reunião para discutir o projeto 516,1
Preciso de uma reunião para discutir o projeto 764,1
Bom dia a todos! Apenas para informar 137,0
Preciso de uma reunião para discutir o projeto 658,1
Preciso de uma reunião para discutir o projeto 309,1
Preciso de uma reunião para discutir o projeto 447,1
Bom dia a todos! Apenas para informar 139,0
Bom dia a todos! Apenas para informar 133,0
Bom dia a todos! Apenas para informar 124,0
Preciso de uma reunião para discutir o projeto 183,1
Bom dia a todos! Apenas para informar 194,0
Preciso de uma reunião para discutir o projeto 176,1
Bom dia a todos! Apenas para informar 49,0
Bom dia a todos! Apenas para informar 2,0
Preciso de uma reunião para discutir o projeto 185,1
Preciso de uma reunião para discutir o projeto 399,1
Bom dia a todos! Apenas para informar 12,0
Preciso de uma reunião para discutir o projeto 197,1
Bom dia a todos! Apenas para informar 195,0
Preciso de uma reunião para discutir o projeto 627,1
Bom dia a todos! Apenas para informar 175,0
Preciso de uma reunião para discutir o projeto 325,1
Preciso de uma reunião para discutir o projeto 214,1
Bom dia a todos! Apenas para informar 76,0
Bom dia a todos! Apenas para informar 71,0
Preciso de uma reunião para discutir o projeto 725,1
Preciso de uma reunião para discutir o projeto 612,1
Preciso de uma reunião para discutir o projeto 362,1
Preciso de uma reunião para discutir o projeto 555,1
Preciso de uma reunião para discutir o projeto 700,1
Preciso de uma reunião para discutir o projeto 753,1
Preciso de uma reunião para discutir o projeto 96,1
Bom dia a todos! Apenas para informar 49,0
Bom dia a todos! Apenas para informar 147,0
Bom dia a todos! Apenas para informar 56,0
Bom dia a todos! Apenas para informar 194,0
Bom dia a todos! Apenas para informar 196,0
Preciso de uma reunião para discutir o projeto 413,1
Bom dia a todos! Apenas para informar 65,0
Bom dia a todos! Apenas para informar 146,0
Bom dia a todos! Apenas para informar 130,0
Preciso de uma reunião para discutir o projeto 419,1
Preciso de uma reunião para discutir o projeto 90,1
Preciso de uma reunião para discutir o projeto 124,1
Bom dia a todos! Apenas para informar 116,0
Bom dia a todos! Apenas para informar 23,0
Preciso de uma reunião para discutir o projeto 358,1
Bom dia a todos! Apenas para informar 40,0
Bom dia a todos! Apenas para informar 68,0
Bom dia a todos! Apenas para informar 138,0
Preciso de uma reunião para discutir o projeto 375,1
Preciso de uma reunião para discutir o projeto 745,1
Preciso de uma reunião para discutir o projeto 629,1
Bom dia a todos! Apenas para informar 131,0
Bom dia a todos! Apenas para informar 48,0
Bom dia a todos! Apenas para informar 134,0
Preciso de uma reunião para discutir o projeto 645,1
Bom dia a todos! Apenas para informar 109,0
Bom dia a todos! Apenas para informar 171,0
Bom dia a todos! Apenas para informar 154,0
Preciso de uma reunião para discutir o projeto 711,1
Bom dia a todos! Apenas para informar 91,0
Preciso de uma reunião para discutir o projeto 728,1
Bom dia a todos! Apenas para informar 88,0
Bom dia a todos! Apenas para informar 29,0
Preciso de uma reunião para discutir o projeto 689,1
Preciso de uma reunião para discutir o projeto 636,1
Preciso de uma reunião para discutir o projeto 479,1
Preciso de uma reunião para discutir o projeto 731,1
Preciso de uma reunião para discutir o projeto 564,1
Bom dia a todos! Apenas para informar 71,0
Bom dia a todos! Apenas para informar 103,0
Preciso de uma reunião para discutir o projeto 25,1
Preciso de uma reunião para discutir o projeto 126,1
Bom dia a todos! Apenas para informar 110,0
Preciso de uma reunião para discutir o projeto 747,1
Preciso de uma reunião para discutir o projeto 156,1
Preciso de uma reunião para discutir o projeto 46,1
Preciso de uma reunião para discutir o projeto 72,1
Bom dia a todos! Apenas para informar 4,0
Bom dia a todos! Apenas para informar 62,0
Bom dia a todos! Apenas para informar 96,0
Preciso de uma reunião para discutir o projeto 152,1
Preciso de uma reunião para discutir o projeto 507,1
Preciso de uma reunião para discutir o projeto 506,1
Bom dia a todos! Apenas para informar 66,0
Preciso de uma reunião para discutir o projeto 155,1
Bom dia a todos! Apenas para informar 170,0
Bom dia a todos! Apenas para informar 48,0
Preciso de uma reunião para discutir o projeto 267,1
Bom dia a todos! Apenas para informar 55,0
Preciso de uma reunião para discutir o projeto 199,1
Preciso de uma reunião para discutir o projeto 71,1
Preciso de uma reunião para discutir o projeto 50,1
Bom dia a todos! Apenas para informar 111,0
Bom dia a todos! Apenas para informar 164,0
Preciso de uma reunião para discutir o projeto 288,1
Bom dia a todos! Apenas para informar 33,0
Preciso de uma reunião para discutir o projeto 660,1
Bom dia a todos! Apenas para informar 4,0
Preciso de uma reunião para discutir o projeto 417,1
Preciso de uma reunião para discutir o projeto 148,1
Preciso de uma reunião para discutir o projeto 678,1
Bom dia a todos! Apenas para informar 175,0
Bom dia a todos! Apenas para informar 25,0
Preciso de uma reunião para discutir o projeto 573,1
Preciso de uma reunião para discutir o projeto 59,1
Preciso de uma reunião para discutir o projeto 236,1
Preciso de uma reunião para discutir o projeto 514,1
Preciso de uma reunião para discutir o projeto 120,1
Bom dia a todos! Apenas para informar 148,0
Bom dia a todos! Apenas para informar 90,0
Bom dia a todos! Apenas para informar 145,0
Bom dia a todos! Apenas para informar 38,0
Bom dia a todos! Apenas para informar 59,0
Bom dia a todos! Apenas para informar 180,0
Bom dia a todos! Apenas para informar 176,0
Bom dia a todos! Apenas para informar 83,0
Preciso de uma reunião para discutir o projeto 19,1
Bom dia a todos! Apenas para informar 76,0
Bom dia a todos! Apenas para informar 1,0
Bom dia a todos! Apenas para informar 25,0
Bom dia a todos! Apenas para informar 76,0
Preciso de uma reunião para discutir o projeto 478,1
Preciso de uma reunião para discutir o projeto 448,1
Bom dia a todos! Apenas para informar 170,0
Preciso de uma reunião para discutir o projeto 212,1
Bom dia a todos! Apenas para informar 170,0
Preciso de uma reunião para discutir o projeto 795,1
Preciso de uma reunião para discutir o projeto 455,1
Bom dia a todos! Apenas para informar 179,0
Preciso de uma reunião para discutir o projeto 433,1
Preciso de uma reunião para discutir o projeto 57,1
Bom dia a todos! Apenas para informar 58,0
Bom dia a todos! Apenas para informar 11,0
Bom dia a todos! Apenas para informar 104,0
Bom dia a todos! Apenas para informar 99,0
Bom dia a todos! Apenas para informar 194,0
Bom dia a todos! Apenas para informar 86,0
Preciso de uma reunião para discutir o projeto 350,1
Preciso de uma reunião para discutir o projeto 577,1
Bom dia a todos! Apenas para informar 18,0
Bom dia a todos! Apenas para informar 58,0
Bom dia a todos! Apenas para informar 89,0
Preciso de uma reunião para discutir o projeto 662,1
Preciso de uma reunião para discutir o projeto 108,1
Preciso de uma reunião para discutir o projeto 625,1
Preciso de uma reunião para discutir o projeto 210,1
Preciso de uma reunião para discutir o projeto 141,1
Bom dia a todos! Apenas para informar 15,0
Bom dia a todos! Apenas para informar 177,0
Preciso de uma reunião para discutir o projeto 153,1
Preciso de uma reunião para discutir o projeto 698,1
Preciso de uma reunião para discutir o projeto 219,1
Preciso de uma reunião para discutir o projeto 548,1
Bom dia a todos! Apenas para informar 116,0
Bom dia a todos! Apenas para informar 100,0
Bom dia a todos! Apenas para informar 182,0
Preciso de uma reunião para discutir o projeto 52,1
Bom dia a todos! Apenas para informar 113,0
Bom dia a todos! Apenas para informar 27,0
Bom dia a todos! Apenas para informar 152,0
Bom dia a todos! Apenas para informar 16,0
Bom dia a todos! Apenas para informar 22,0
Bom dia a todos! Apenas para informar 160,0
Preciso de uma reunião para discutir o projeto 250,1
Bom dia a todos! Apenas para informar 90,0
Preciso de uma reunião para discutir o projeto 135,1
Bom dia a todos! Apenas para informar 51,0
Preciso de uma reunião para discutir o projeto 740,1
Preciso de uma reunião para discutir o projeto 626,1
Preciso de uma reunião para discutir o projeto 530,1
Bom dia a todos! Apenas para informar 192,0
Preciso de uma reunião para discutir o projeto 641,1
Preciso de uma reunião para discutir o projeto 226,1
Preciso de uma reunião para discutir o projeto 164,1
Bom dia a todos! Apenas para informar 19,0
Preciso de uma reunião para discutir o projeto 331,1
Bom dia a todos! Apenas para informar 54,0
Bom dia a todos! Apenas para informar 186,0
Bom dia a todos! Apenas para informar 167,0
Preciso de uma reunião para discutir o projeto 466,1
Bom dia a todos! Apenas para informar 163,0
Bom dia a todos! Apenas para informar 21,0
Preciso de uma reunião para discutir o projeto 437,1
Bom dia a todos! Apenas para informar 43,0
Preciso de uma reunião para discutir o projeto 608,1
Preciso de uma reunião para discutir o projeto 571,1
Preciso de uma reunião para discutir o projeto 166,1
Preciso de uma reunião para discutir o projeto 16,1
Bom dia a todos! Apenas para informar 5,0
Preciso de uma reunião para discutir o projeto 519,1
Preciso de uma reunião para discutir o projeto 235,1
Preciso de uma reunião para discutir o projeto 706,1
Preciso de uma reunião para discutir o projeto 786,1
Preciso de uma reunião para discutir o projeto 601,1
Preciso de uma reunião para discutir o projeto 554,1
Bom dia a todos! Apenas para informar 139,0
Preciso de uma reunião para discutir o projeto 30,1
Bom dia a todos! Apenas para informar 182,0
Bom dia a todos! Apenas para informar 27,0
Bom dia a todos! Apenas para informar 92,0
Bom dia a todos! Apenas para informar 162,0
Preciso de uma reunião para discutir o projeto 794,1
Preciso de uma reunião para discutir o projeto 590,1
Bom dia a todos! Apenas para informar 178,0
Preciso de uma reunião para discutir o projeto 600,1
Preciso de uma reunião para discutir o projeto 170,1
Preciso de uma reunião para discutir o projeto 277,1
Bom dia a todos! Apenas para informar 67,0
Preciso de uma reunião para discutir o projeto 340,1
Bom dia a todos! Apenas para informar 6,0
Bom dia a todos! Apenas para informar 187,0
Preciso de uma reunião para discutir o projeto 458,1
Bom dia a todos! Apenas para informar 15,0
Preciso de uma reunião para discutir o projeto 284,1
Bom dia a todos! Apenas para informar 189,0
Preciso de uma reunião para discutir o projeto 255,1
Preciso de uma reunião para discutir o projeto 104,1
Bom dia a todos! Apenas para informar 18,0
Bom dia a todos! Apenas para informar 27,0
Bom dia a todos! Apenas para informar 86,0
Bom dia a todos! Apenas para informar 132,0
Preciso de uma reunião para discutir o projeto 296,1
Bom dia a todos! Apenas para informar 151,0
Preciso de uma reunião para discutir o projeto 522,1
Preciso de uma reunião para discutir o projeto 688,1
Bom dia a todos! Apenas para informar 187,0
Preciso de uma reunião para discutir o projeto 213,1
Preciso de uma reunião para discutir o projeto 587,1
Preciso de uma reunião para discutir o projeto 262,1
Preciso de uma reunião para discutir o projeto 144,1
Preciso de uma reunião para discutir o projeto 22,1
Preciso de uma reunião para discutir o projeto 34,1
Bom dia a todos! Apenas para informar 187,0
Preciso de uma reunião para discutir o projeto 377,1
Bom dia a todos! Apenas para informar 40,0
Bom dia a todos! Apenas para informar 149,0
Preciso de uma reunião para discutir o projeto 528,1
Preciso de uma reunião para discutir o projeto 484,1
Preciso de uma reunião para discutir o projeto 312,1
Bom dia a todos! Apenas para informar 115,0
Preciso de uma reunião para discutir o projeto 559,1
Bom dia a todos! Apenas para informar 36,0
Preciso de uma reunião para discutir o projeto 345,1
Preciso de uma reunião para discutir o projeto 261,1
Bom dia a todos! Apenas para informar 88,0
Bom dia a todos! Apenas para informar 143,0
Preciso de uma reunião para discutir o projeto 70,1
Bom dia a todos! Apenas para informar 52,0
Bom dia a todos! Apenas para informar 89,0
Preciso de uma reunião para discutir o projeto 343,1
Bom dia a todos! Apenas para informar 125,0
Preciso de uma reunião para discutir o projeto 526,1
Preciso de uma reunião para discutir o projeto 215,1
Bom dia a todos! Apenas para informar 55,0
Preciso de uma reunião para discutir o projeto 265,1
Preciso de uma reunião para discutir o projeto 679,1
Bom dia a todos! Apenas para informar 87,0
Preciso de uma reunião para discutir o projeto 644,1
Bom dia a todos! Apenas para informar 16,0
Preciso de uma reunião para discutir o projeto 271,1
Bom dia a todos! Apenas para informar 30,0
Preciso de uma reunião para discutir o projeto 611,1
Preciso de uma reunião para discutir o projeto 668,1
Preciso de uma reunião para discutir o projeto 84,1
Preciso de uma reunião para discutir o projeto 576,1
Preciso de uma reunião para discutir o projeto 633,1
Preciso de uma reunião para discutir o projeto 98,1
Preciso de uma reunião para discutir o projeto 0,1
Preciso de uma reunião para discutir o projeto 243,1
Preciso de uma reunião para discutir o projeto 88,1
Preciso de uma reunião para discutir o projeto 772,1
Bom dia a todos! Apenas para informar 76,0
Preciso de uma reunião para discutir o projeto 129,1
Bom dia a todos! Apenas para informar 112,0
Bom dia a todos! Apenas para informar 158,0
Preciso de uma reunião para discutir o projeto 715,1
Bom dia a todos! Apenas para informar 136,0
Preciso de uma reunião para discutir o projeto 278,1
Preciso de uma reunião para discutir o projeto 292,1
Bom dia a todos! Apenas para informar 130,0
Preciso de uma reunião para discutir o projeto 102,1
Bom dia a todos! Apenas para informar 22,0
Preciso de uma reunião para discutir o projeto 482,1
Bom dia a todos! Apenas para informar 51,0
Bom dia a todos! Apenas para informar 102,0
Bom dia a todos! Apenas para informar 179,0
Preciso de uma reunião para discutir o projeto 460,1
Preciso de uma reunião para discutir o projeto 232,1
Preciso de uma reunião para discutir o projeto 765,1
Bom dia a todos! Apenas para informar 190,0
Preciso de uma reunião para discutir o projeto 31,1
Bom dia a todos! Apenas para informar 125,0
Preciso de uma reunião para discutir o projeto 380,1
Bom dia a todos! Apenas para informar 149,0
Preciso de uma reunião para discutir o projeto 724,1
Bom dia a todos! Apenas para informar 178,0
Bom dia a todos! Apenas para informar 44,0
Preciso de uma reunião para discutir o projeto 672,1
Preciso de uma reunião para discutir o projeto 286,1
Bom dia a todos! Apenas para informar 14,0
Bom dia a todos! Apenas para informar 117,0
Preciso de uma reunião para discutir o projeto 493,1
Preciso de uma reunião para discutir o projeto 787,1
Preciso de uma reunião para discutir o projeto 21,1
Preciso de uma reunião para discutir o projeto 499,1
Bom dia a todos! Apenas para informar 46,0
Bom dia a todos! Apenas para informar 150,0
Preciso de uma reunião para discutir o projeto 665,1
Preciso de uma reunião para discutir o projeto 582,1
Preciso de uma reunião para discutir o projeto 676,1
Preciso de uma reunião para discutir o projeto 123,1
Bom dia a todos! Apenas para informar 190,0
Bom dia a todos! Apenas para informar 137,0
Preciso de uma reunião para discutir o projeto 521,1
Bom dia a todos! Apenas para informar 28,0
Bom dia a todos! Apenas para informar 182,0
Preciso de uma reunião para discutir o projeto 39,1
Preciso de uma reunião para discutir o projeto 318,1
Bom dia a todos! Apenas para informar 75,0
Preciso de uma reunião para discutir o projeto 275,1
Preciso de uma reunião para discutir o projeto 669,1
Bom dia a todos! Apenas para informar 20,0
Preciso de uma reunião para discutir o projeto 151,1
Bom dia a todos! Apenas para informar 139,0
Bom dia a todos! Apenas para informar 193,0
Preciso de uma reunião para discutir o projeto 182,1
Preciso de uma reunião para discutir o projeto 785,1
Preciso de uma reunião para discutir o projeto 471,1
Preciso de uma reunião para discutir o projeto 374,1
Preciso de uma reunião para discutir o projeto 418,1
Bom dia a todos! Apenas para informar 38,0
Bom dia a todos! Apenas para informar 133,0
Bom dia a todos! Apenas para informar 62,0
Bom dia a todos! Apenas para informar 60,0
Preciso de uma reunião para discutir o projeto 618,1
Bom dia a todos! Apenas para informar 72,0
Bom dia a todos! Apenas para informar 9,0
Bom dia a todos! Apenas para informar 174,0
Preciso de uma reunião para discutir o projeto 635,1
Preciso de uma reunião para discutir o projeto 606,1
Preciso de uma reunião para discutir o projeto 504,1
Preciso de uma reunião para discutir o projeto 253,1
Bom dia a todos! Apenas para informar 145,0
Bom dia a todos! Apenas para informar 88,0
Bom dia a todos! Apenas para informar 179,0
Bom dia a todos! Apenas para informar 175,0
Preciso de uma reunião para discutir o projeto 542,1
Preciso de uma reunião para discutir o projeto 797,1
Bom dia a todos! Apenas para informar 39,0
Preciso de uma reunião para discutir o projeto 258,1
Bom dia a todos! Apenas para informar 96,0
Preciso de uma reunião para discutir o projeto 192,1
Preciso de uma reunião para discutir o projeto 49,1
Bom dia a todos! Apenas para informar 114,0
Bom dia a todos! Apenas para informar 59,0
Preciso de uma reunião para discutir o projeto 173,1
Bom dia a todos! Apenas para informar 164,0
Preciso de uma reunião para discutir o projeto 534,1
Bom dia a todos! Apenas para informar 122,0
Bom dia a todos! Apenas para informar 44,0
Preciso de uma reunião para discutir o projeto 82,1
Bom dia a todos! Apenas para informar 16,0
Bom dia a todos! Apenas para informar 84,0
Bom dia a todos! Apenas para informar 82,0
Preciso de uma reunião para discutir o projeto 136,1
Preciso de uma reunião para discutir o projeto 673,1
Bom dia a todos! Apenas para informar 106,0
Bom dia a todos! Apenas para informar 97,0
Preciso de uma reunião para discutir o projeto 720,1
Preciso de uma reunião para discutir o projeto 323,1
Preciso de uma reunião para discutir o projeto 379,1
Preciso de uma reunião para discutir o projeto 754,1
Preciso de uma reunião para discutir o projeto 774,1
Bom dia a todos! Apenas para informar 56,0
Bom dia a todos! Apenas para informar 164,0
Preciso de uma reunião para discutir o projeto 268,1
Preciso de uma reunião para discutir o projeto 702,1
Preciso de uma reunião para discutir o projeto 427,1
Bom dia a todos! Apenas para informar 132,0
Bom dia a todos! Apenas para informar 183,0
Preciso de uma reunião para discutir o projeto 74,1
Preciso de uma reunião para discutir o projeto 279,1
Bom dia a todos! Apenas para informar 78,0
Bom dia a todos! Apenas para informar 106,0
Bom dia a todos! Apenas para informar 93,0
Preciso de uma reunião para discutir o projeto 177,1
Preciso de uma reunião para discutir o projeto 775,1
Bom dia a todos! Apenas para informar 47,0
Preciso de uma reunião para discutir o projeto 402,1
Bom dia a todos! Apenas para informar 136,0
Preciso de uma reunião para discutir o projeto 62,1
Preciso de uma reunião para discutir o projeto 415,1
Preciso de uma reunião para discutir o projeto 446,1
Preciso de uma reunião para discutir o projeto 259,1
Bom dia a todos! Apenas para informar 11,0
Preciso de uma reunião para discutir o projeto 297,1
Bom dia a todos! Apenas para informar 86,0
Bom dia a todos! Apenas para informar 81,0
Preciso de uma reunião para discutir o projeto 435,1
Bom dia a todos! Apenas para informar 117,0
Bom dia a todos! Apenas para informar 25,0
Preciso de uma reunião para discutir o projeto 513,1
Preciso de uma reunião para discutir o projeto 87,1
Preciso de uma reunião para discutir o projeto 103,1
Bom dia a todos! Apenas para informar 165,0
Bom dia a todos! Apenas para informar 87,0
Preciso de uma reunião para discutir o projeto 424,1
Preciso de uma reunião para discutir o projeto 459,1
Preciso de uma reunião para discutir o projeto 376,1
Bom dia a todos! Apenas para informar 35,0
Preciso de uma reunião para discutir o projeto 133,1
Bom dia a todos! Apenas para informar 99,0
Bom dia a todos! Apenas para informar 155,0
Preciso de uma reunião para discutir o projeto 686,1
Bom dia a todos! Apenas para informar 169,0
Bom dia a todos! Apenas para informar 112,0
Bom dia a todos! Apenas para informar 122,0
Bom dia a todos! Apenas para informar 51,0
Bom dia a todos! Apenas para informar 57,0
Preciso de uma reunião para discutir o projeto 140,1
Bom dia a todos! Apenas para informar 9,0
Bom dia a todos! Apenas para informar 17,0
Preciso de uma reunião para discutir o projeto 721,1
Preciso de uma reunião para discutir o projeto 551,1
Bom dia a todos! Apenas para informar 30,0
Preciso de uma reunião para discutir o projeto 481,1
Bom dia a todos! Apenas para informar 7,0
Bom dia a todos! Apenas para informar 160,0
Preciso de uma reunião para discutir o projeto 223,1
Preciso de uma reunião para discutir o projeto 68,1
Bom dia a todos! Apenas para informar 68,0
Preciso de uma reunião para discutir o projeto 544,1
Bom dia a todos! Apenas para informar 167,0
Bom dia a todos! Apenas para informar 104,0
Bom dia a todos! Apenas para informar 88,0
Bom dia a todos! Apenas para informar 72,0
Bom dia a todos! Apenas para informar 125,0
Preciso de uma reunião para discutir o projeto 216,1
Preciso de uma reunião para discutir o projeto 307,1
Bom dia a todos! Apenas para informar 22,0
Bom dia a todos! Apenas para informar 57,0
Bom dia a todos! Apenas para informar 183,0
Bom dia a todos! Apenas para informar 47,0
Preciso de uma reunião para discutir o projeto 586,1
Bom dia a todos! Apenas para informar 5,0
Bom dia a todos! Apenas para informar 112,0
Preciso de uma reunião para discutir o projeto 10,1
Bom dia a todos! Apenas para informar 195,0
Bom dia a todos! Apenas para informar 64,0
Preciso de uma reunião para discutir o projeto 241,1
Bom dia a todos! Apenas para informar 125,0
Preciso de uma reunião para discutir o projeto 690,1
Preciso de uma reunião para discutir o projeto 51,1
Preciso de uma reunião para discutir o projeto 388,1
Preciso de uma reunião para discutir o projeto 383,1
Bom dia a todos! Apenas para informar 189,0
Preciso de uma reunião para discutir o projeto 793,1
Bom dia a todos! Apenas para informar 149,0
Bom dia a todos! Apenas para informar 103,0
Preciso de uma reunião para discutir o projeto 500,1
Bom dia a todos! Apenas para informar 18,0
Preciso de uma reunião para discutir o projeto 701,1
Preciso de uma reunião para discutir o projeto 392,1
Bom dia a todos! Apenas para informar 167,0
Bom dia a todos! Apenas para informar 188,0
Bom dia a todos! Apenas para informar 194,0
Bom dia a todos! Apenas para informar 64,0
Preciso de uma reunião para discutir o projeto 110,1
Bom dia a todos! Apenas para informar 101,0
Preciso de uma reunião para discutir o projeto 463,1
Preciso de uma reunião para discutir o projeto 382,1
Bom dia a todos! Apenas para informar 74,0
Bom dia a todos! Apenas para informar 162,0
Bom dia a todos! Apenas para informar 194,0
Bom dia a todos! Apenas para informar 197,0
Bom dia a todos! Apenas para informar 148,0
Bom dia a todos! Apenas para informar 82,0
Bom dia a todos! Apenas para informar 72,0
Bom dia a todos! Apenas para informar 102,0
Bom dia a todos! Apenas para informar 30,0
Bom dia a todos! Apenas para informar 9,0
Bom dia a todos! Apenas para informar 180,0
Preciso de uma reunião para discutir o projeto 310,1
Preciso de uma reunião para discutir o projeto 105,1
Preciso de uma reunião para discutir o projeto 597,1
Preciso de uma reunião para discutir o projeto 189,1
Bom dia a todos! Apenas para informar 122,0
Preciso de uma reunião para discutir o projeto 620,1
Preciso de uma reunião para discutir o projeto 624,1
Bom dia a todos! Apenas para informar 168,0
Preciso de uma reunião para discutir o projeto 33,1
Bom dia a todos! Apenas para informar 132,0
Bom dia a todos! Apenas para informar 29,0
Bom dia a todos! Apenas para informar 94,0
Preciso de uma reunião para discutir o projeto 13,1
Preciso de uma reunião para discutir o projeto 168,1
Preciso de uma reunião para discutir o projeto 341,1
Preciso de uma reunião para discutir o projeto 748,1
Bom dia a todos! Apenas para informar 31,0
Bom dia a todos! Apenas para informar 13,0
Bom dia a todos! Apenas para informar 14,0
Preciso de uma reunião para discutir o projeto 763,1
Bom dia a todos! Apenas para informar 67,0
Preciso de uma reunião para discutir o projeto 32,1
Bom dia a todos! Apenas para informar 106,0
Bom dia a todos! Apenas para informar 53,0
Preciso de uma reunião para discutir o projeto 248,1
Preciso de uma reunião para discutir o projeto 357,1
Preciso de uma reunião para discutir o projeto 289,1
Preciso de uma reunião para discutir o projeto 545,1
Preciso de uma reunião para discutir o projeto 56,1
Preciso de uma reunião para discutir o projeto 254,1
Bom dia a todos! Apenas para informar 163,0
Bom dia a todos! Apenas para informar 130,0
Bom dia a todos! Apenas para informar 45,0
Bom dia a todos! Apenas para informar 20,0
Preciso de uma reunião para discutir o projeto 154,1
Preciso de uma reunião para discutir o projeto 54,1
Bom dia a todos! Apenas para informar 176,0
Bom dia a todos! Apenas para informar 69,0
Bom dia a todos! Apenas para informar 169,0
Preciso de uma reunião para discutir o projeto 81,1
Preciso de uma reunião para discutir o projeto 687,1
Bom dia a todos! Apenas para informar 193,0
Bom dia a todos! Apenas para informar 162,0
Bom dia a todos! Apenas para informar 116,0
Preciso de uma reunião para discutir o projeto 769,1
Preciso de uma reunião para discutir o projeto 637,1
Bom dia a todos! Apenas para informar 29,0
Preciso de uma reunião para discutir o projeto 80,1
Bom dia a todos! Apenas para informar 85,0
Preciso de uma reunião para discutir o projeto 53,1
Preciso de uma reunião para discutir o projeto 112,1
Bom dia a todos! Apenas para informar 47,0
Preciso de uma reunião para discutir o projeto 202,1
Preciso de uma reunião para discutir o projeto 781,1
Bom dia a todos! Apenas para informar 45,0
Preciso de uma reunião para discutir o projeto 553,1
Bom dia a todos! Apenas para informar 179,0
Preciso de uma reunião para discutir o projeto 86,1
Bom dia a todos! Apenas para informar 32,0
Bom dia a todos! Apenas para informar 189,0
Preciso de uma reunião para discutir o projeto 276,1
Preciso de uma reunião para discutir o projeto 657,1
Bom dia a todos! Apenas para informar 187,0
Preciso de uma reunião para discutir o projeto 327,1
Preciso de uma reunião para discutir o projeto 502,1
Bom dia a todos! Apenas para informar 60,0
Bom dia a todos! Apenas para informar 101,0
Preciso de uma reunião para discutir o projeto 386,1
Bom dia a todos! Apenas para informar 70,0
Preciso de uma reunião para discutir o projeto 76,1
Preciso de uma reunião para discutir o projeto 405,1
Preciso de uma reunião para discutir o projeto 211,1
Bom dia a todos! Apenas para informar 4,0
Preciso de uma reunião para discutir o projeto 746,1
Bom dia a todos! Apenas para informar 172,0
Bom dia a todos! Apenas para informar 125,0
Preciso de uma reunião para discutir o projeto 303,1
Preciso de uma reunião para discutir o projeto 779,1
Bom dia a todos! Apenas para informar 84,0
Preciso de uma reunião para discutir o projeto 251,1
Bom dia a todos! Apenas para informar 170,0
Bom dia a todos! Apenas para informar 116,0
Preciso de uma reunião para discutir o projeto 316,1
Bom dia a todos! Apenas para informar 123,0
Bom dia a todos! Apenas para informar 40,0
Preciso de uma reunião para discutir o projeto 758,1
Bom dia a todos! Apenas para informar 74,0
Bom dia a todos! Apenas para informar 42,0
Bom dia a todos! Apenas para informar 141,0
Preciso de uma reunião para discutir o projeto 691,1
Bom dia a todos! Apenas para informar 177,0
Bom dia a todos! Apenas para informar 190,0
Preciso de uma reunião para discutir o projeto 666,1
Preciso de uma reunião para discutir o projeto 371,1
Preciso de uma reunião para discutir o projeto 300,1
Bom dia a todos! Apenas para informar 53,0
Preciso de uma reunião para discutir o projeto 477,1
Preciso de uma reunião para discutir o projeto 360,1
Preciso de uma reunião para discutir o projeto 89,1
Preciso de uma reunião para discutir o projeto 249,1
Preciso de uma reunião para discutir o projeto 771,1
Bom dia a todos! Apenas para informar 74,0
Bom dia a todos! Apenas para informar 121,0
Bom dia a todos! Apenas para informar 25,0
Preciso de uma reunião para discutir o projeto 218,1
Bom dia a todos! Apenas para informar 112,0
Bom dia a todos! Apenas para informar 107,0
Bom dia a todos! Apenas para informar 58,0
Preciso de uma reunião para discutir o projeto 610,1
Bom dia a todos! Apenas para informar 175,0
Preciso de uma reunião para discutir o projeto 270,1
Preciso de uma reunião para discutir o projeto 429,1
Bom dia a todos! Apenas para informar 42,0
Bom dia a todos! Apenas para informar 26,0
Bom dia a todos! Apenas para informar 141,0
Preciso de uma reunião para discutir o projeto 347,1
Preciso de uma reunião para discutir o projeto 320,1
Preciso de uma reunião para discutir o projeto 550,1
Bom dia a todos! Apenas para informar 65,0
Preciso de uma reunião para discutir o projeto 329,1
Preciso de uma reunião para discutir o projeto 349,1
Bom dia a todos! Apenas para informar 67,0
Bom dia a todos! Apenas para informar 0,0
Bom dia a todos! Apenas para informar 157,0
Preciso de uma reunião para discutir o projeto 335,1
Preciso de uma reunião para discutir o projeto 718,1
Bom dia a todos! Apenas para informar 183,0
Bom dia a todos! Apenas para informar 134,0
Bom dia a todos! Apenas para informar 96,0
Preciso de uma reunião para discutir o projeto 505,1
Preciso de uma reunião para discutir o projeto 184,1
Preciso de uma reunião para discutir o projeto 784,1
Bom dia a todos! Apenas para informar 29,0
Preciso de uma reunião para discutir o projeto 397,1
Preciso de uma reunião para discutir o projeto 294,1
Preciso de uma reunião para discutir o projeto 579,1
Bom dia a todos! Apenas para informar 132,0
Preciso de uma reunião para discutir o projeto 225,1
Bom dia a todos! Apenas para informar 52,0
Preciso de uma reunião para discutir o projeto 631,1
Bom dia a todos! Apenas para informar 30,0
Preciso de uma reunião para discutir o projeto 315,1
Preciso de uma reunião para discutir o projeto 574,1
Preciso de uma reunião para discutir o projeto 498,1
Bom dia a todos! Apenas para informar 124,0
Bom dia a todos! Apenas para informar 156,0
Preciso de uma reunião para discutir o projeto 614,1
Preciso de uma reunião para discutir o projeto 64,1
Preciso de uma reunião para discutir o projeto 648,1
Bom dia a todos! Apenas para informar 74,0
Preciso de uma reunião para discutir o projeto 411,1
Bom dia a todos! Apenas para informar 20,0
Bom dia a todos! Apenas para informar 194,0
Preciso de uma reunião para discutir o projeto 266,1
Bom dia a todos! Apenas para informar 71,0
Bom dia a todos! Apenas para informar 24,0
Preciso de uma reunião para discutir o projeto 653,1
Bom dia a todos! Apenas para informar 111,0
Bom dia a todos! Apenas para informar 138,0
Bom dia a todos! Apenas para informar 129,0
Bom dia a todos! Apenas para informar 130,0
Preciso de uma reunião para discutir o projeto 778,1
Bom dia a todos! Apenas para informar 173,0
Preciso de uma reunião para discutir o projeto 707,1
Preciso de uma reunião para discutir o projeto 321,1
Bom dia a todos! Apenas para informar 146,0
Bom dia a todos! Apenas para informar 179,0
Preciso de uma reunião para discutir o projeto 353,1
Preciso de uma reunião para discutir o projeto 570,1
Bom dia a todos! Apenas para informar 137,0
Preciso de uma reunião para discutir o projeto 122,1
Preciso de uma reunião para discutir o projeto 217,1
Bom dia a todos! Apenas para informar 10,0
Bom dia a todos! Apenas para informar 36,0
Preciso de uma reunião para discutir o projeto 409,1
Preciso de uma reunião para discutir o projeto 191,1
Preciso de uma reunião para discutir o projeto 503,1
Bom dia a todos! Apenas para informar 197,0
Preciso de uma reunião para discutir o projeto 538,1
Preciso de uma reunião para discutir o projeto 79,1
Preciso de uma reunião para discutir o projeto 319,1
Bom dia a todos! Apenas para informar 7,0
Preciso de uma reunião para discutir o projeto 198,1
Preciso de uma reunião para discutir o projeto 269,1
Preciso de uma reunião para discutir o projeto 206,1
Bom dia a todos! Apenas para informar 146,0
Preciso de uma reunião para discutir o projeto 338,1
Preciso de uma reunião para discutir o projeto 205,1
Preciso de uma reunião para discutir o projeto 75,1
Preciso de uma reunião para discutir o projeto 441,1
Bom dia a todos! Apenas para informar 182,0
Bom dia a todos! Apenas para informar 140,0
Preciso de uma reunião para discutir o projeto 109,1
Bom dia a todos! Apenas para informar 150,0
Preciso de uma reunião para discutir o projeto 384,1
Preciso de uma reunião para discutir o projeto 497,1
Bom dia a todos! Apenas para informar 141,0
Preciso de uma reunião para discutir o projeto 560,1
Preciso de uma reunião para discutir o projeto 200,1
Preciso de uma reunião para discutir o projeto 511,1
Preciso de uma reunião para discutir o projeto 36,1
Bom dia a todos! Apenas para informar 166,0
Bom dia a todos! Apenas para informar 39,0
Bom dia a todos! Apenas para informar 83,0
Preciso de uma reunião para discutir o projeto 445,1
Bom dia a todos! Apenas para informar 81,0
Preciso de uma reunião para discutir o projeto 91,1
Preciso de uma reunião para discutir o projeto 130,1
Bom dia a todos! Apenas para informar 156,0
Bom dia a todos! Apenas para informar 148,0
Bom dia a todos! Apenas para informar 53,0
Preciso de uma reunião para discutir o projeto 20,1
Bom dia a todos! Apenas para informar 90,0
Bom dia a todos! Apenas para informar 106,0
Preciso de uma reunião para discutir o projeto 190,1
Preciso de uma reunião para discutir o projeto 494,1
Preciso de uma reunião para discutir o projeto 440,1
Preciso de uma reunião para discutir o projeto 444,1
Bom dia a todos! Apenas para informar 44,0
Bom dia a todos! Apenas para informar 109,0
Bom dia a todos! Apenas para informar 194,0
Preciso de uma reunião para discutir o projeto 179,1
Bom dia a todos! Apenas para informar 55,0
Bom dia a todos! Apenas para informar 121,0
Preciso de uma reunião para discutir o projeto 697,1
Bom dia a todos! Apenas para informar 132,0
Bom dia a todos! Apenas para informar 175,0
Preciso de uma reunião para discutir o projeto 280,1
Bom dia a todos! Apenas para informar 108,0
Bom dia a todos! Apenas para informar 111,0
Preciso de uma reunião para discutir o projeto 512,1
Preciso de uma reunião para discutir o projeto 162,1
Bom dia a todos! Apenas para informar 46,0
Bom dia a todos! Apenas para informar 11,0
Bom dia a todos! Apenas para informar 30,0
Preciso de uma reunião para discutir o projeto 58,1
Bom dia a todos! Apenas para informar 18,0
Preciso de uma reunião para discutir o projeto 290,1
Bom dia a todos! Apenas para informar 3,0
Preciso de uma reunião para discutir o projeto 2,1
Preciso de uma reunião para discutir o projeto 101,1
Preciso de uma reunião para discutir o projeto 368,1
Bom dia a todos! Apenas para informar 144,0
Preciso de uma reunião para discutir o projeto 536,1
Preciso de uma reunião para discutir o projeto 584,1
Bom dia a todos! Apenas para informar 119,0
Bom dia a todos! Apenas para informar 175,0
Preciso de uma reunião para discutir o projeto 457,1
Bom dia a todos! Apenas para informar 198,0
Bom dia a todos! Apenas para informar 177,0
Preciso de uma reunião para discutir o projeto 651,1
Bom dia a todos! Apenas para informar 166,0
Bom dia a todos! Apenas para informar 151,0
Bom dia a todos! Apenas para informar 192,0
Bom dia a todos! Apenas para informar 11,0
Bom dia a todos! Apenas para informar 37,0
Bom dia a todos! Apenas para informar 75,0
Bom dia a todos! Apenas para informar 190,0
Bom dia a todos! Apenas para informar 112,0
Preciso de uma reunião para discutir o projeto 556,1
Preciso de uma reunião para discutir o projeto 595,1
Preciso de uma reunião para discutir o projeto 475,1
Bom dia a todos! Apenas para informar 51,0
Preciso de uma reunião para discutir o projeto 742,1
Bom dia a todos! Apenas para informar 155,0
Bom dia a todos! Apenas para informar 12,0
Preciso de uma reunião para discutir o projeto 565,1
Bom dia a todos! Apenas para informar 177,0
Bom dia a todos! Apenas para informar 96,0
Preciso de uma reunião para discutir o projeto 751,1
Bom dia a todos! Apenas para informar 4,0
Bom dia a todos! Apenas para informar 113,0
Bom dia a todos! Apenas para informar 23,0
Preciso de uma reunião para discutir o projeto 256,1
Preciso de uma reunião para discutir o projeto 537,1
Bom dia a todos! Apenas para informar 68,0
Bom dia a todos! Apenas para informar 20,0
Preciso de uma reunião para discutir o projeto 578,1
Preciso de uma reunião para discutir o projeto 158,1
Preciso de uma reunião para discutir o projeto 531,1
Bom dia a todos! Apenas para informar 10,0
Bom dia a todos! Apenas para informar 118,0
Bom dia a todos! Apenas para informar 38,0
Bom dia a todos! Apenas para informar 124,0
Bom dia a todos! Apenas para informar 187,0
Bom dia a todos! Apenas para informar 59,0
Bom dia a todos! Apenas para informar 199,0
Bom dia a todos! Apenas para informar 21,0
Bom dia a todos! Apenas para informar 82,0
Preciso de uma reunião para discutir o projeto 393,1
Bom dia a todos! Apenas para informar 94,0
Bom dia a todos! Apenas para informar 64,0
Preciso de uma reunião para discutir o projeto 726,1
Bom dia a todos! Apenas para informar 114,0
Preciso de uma reunião para discutir o projeto 40,1
Bom dia a todos! Apenas para informar 111,0
Preciso de uma reunião para discutir o projeto 171,1
Preciso de uma reunião para discutir o projeto 420,1
Bom dia a todos! Apenas para informar 16,0
Preciso de uma reunião para discutir o projeto 97,1
Bom dia a todos! Apenas para informar 103,0
Preciso de uma reunião para discutir o projeto 643,1
Bom dia a todos! Apenas para informar 130,0
Preciso de uma reunião para discutir o projeto 364,1
Bom dia a todos! Apenas para informar 184,0
Bom dia a todos! Apenas para informar 192,0
Preciso de uma reunião para discutir o projeto 116,1
Preciso de uma reunião para discutir o projeto 339,1
Preciso de uma reunião para discutir o projeto 167,1
Bom dia a todos! Apenas para informar 182,0
Bom dia a todos! Apenas para informar 0,0
Bom dia a todos! Apenas para informar 10,0
Preciso de uma reunião para discutir o projeto 539,1
Preciso de uma reunião para discutir o projeto 782,1
Bom dia a todos! Apenas para informar 171,0
Bom dia a todos! Apenas para informar 108,0
Bom dia a todos! Apenas para informar 161,0
Bom dia a todos! Apenas para informar 61,0
Preciso de uma reunião para discutir o projeto 355,1
Bom dia a todos! Apenas para informar 38,0
Bom dia a todos! Apenas para informar 41,0
Preciso de uma reunião para discutir o projeto 616,1
Preciso de uma reunião para discutir o projeto 281,1
Bom dia a todos! Apenas para informar 74,0
Preciso de uma reunião para discutir o projeto 663,1
Preciso de uma reunião para discutir o projeto 208,1
Preciso de uma reunião para discutir o projeto 187,1
Preciso de uma reunião para discutir o projeto 783,1
Preciso de uma reunião para discutir o projeto 464,1
Bom dia a todos! Apenas para informar 56,0
Preciso de uma reunião para discutir o projeto 24,1
Preciso de uma reunião para discutir o projeto 713,1
Bom dia a todos! Apenas para informar 124,0
Preciso de uma reunião para discutir o projeto 695,1
Preciso de uma reunião para discutir o projeto 768,1
Preciso de uma reunião para discutir o projeto 430,1
Bom dia a todos! Apenas para informar 109,0
Bom dia a todos! Apenas para informar 155,0
Bom dia a todos! Apenas para informar 119,0
Preciso de uma reunião para discutir o projeto 220,1
Bom dia a todos! Apenas para informar 47,0
Preciso de uma reunião para discutir o projeto 134,1
Preciso de uma reunião para discutir o projeto 708,1
Preciso de uma reunião para discutir o projeto 229,1
Preciso de uma reunião para discutir o projeto 737,1
Bom dia a todos! Apenas para informar 185,0
Preciso de uma reunião para discutir o projeto 414,1
Bom dia a todos! Apenas para informar 25,0
Preciso de uma reunião para discutir o projeto 562,1
Bom dia a todos! Apenas para informar 199,0
Bom dia a todos! Apenas para informar 125,0
Bom dia a todos! Apenas para informar 95,0
Preciso de uma reunião para discutir o projeto 572,1
Bom dia a todos! Apenas para informar 168,0
Bom dia a todos! Apenas para informar 87,0
Bom dia a todos! Apenas para informar 54,0
Preciso de uma reunião para discutir o projeto 755,1
Bom dia a todos! Apenas para informar 90,0
Bom dia a todos! Apenas para informar 113,0
Bom dia a todos! Apenas para informar 159,0
Preciso de uma reunião para discutir o projeto 352,1
Preciso de uma reunião para discutir o projeto 704,1
Bom dia a todos! Apenas para informar 131,0
Bom dia a todos! Apenas para informar 64,0
Bom dia a todos! Apenas para informar 169,0
Preciso de uma reunião para discutir o projeto 385,1
Bom dia a todos! Apenas para informar 171,0
Preciso de uma reunião para discutir o projeto 283,1
Bom dia a todos! Apenas para informar 85,0
Bom dia a todos! Apenas para informar 198,0
Bom dia a todos! Apenas para informar 92,0
Bom dia a todos! Apenas para informar 111,0
Bom dia a todos! Apenas para informar 149,0
Bom dia a todos! Apenas para informar 76,0
Bom dia a todos! Apenas para informar 111,0
Bom dia a todos! Apenas para informar 100,0
Bom dia a todos! Apenas para informar 183,0
Bom dia a todos! Apenas para informar 146,0
Preciso de uma reunião para discutir o projeto 619,1
Preciso de uma reunião para discutir o projeto 469,1
Bom dia a todos! Apenas para informar 171,0
Preciso de uma reunião para discutir o projeto 369,1
Bom dia a todos! Apenas para informar 43,0
Preciso de uma reunião para discutir o projeto 470,1
Bom dia a todos! Apenas para informar 146,0
Bom dia a todos! Apenas para informar 199,0
Bom dia a todos! Apenas para informar 67,0
Preciso de uma reunião para discutir o projeto 431,1
Bom dia a todos! Apenas para informar 85,0
Preciso de uma reunião para discutir o projeto 188,1
Bom dia a todos! Apenas para informar 3,0
Bom dia a todos! Apenas para informar 6,0
Bom dia a todos! Apenas para informar 162,0
Bom dia a todos! Apenas para informar 192,0
Preciso de uma reunião para discutir o projeto 533,1
Preciso de uma reunião para discutir o projeto 436,1
Bom dia a todos! Apenas para informar 121,0
Preciso de uma reunião para discutir o projeto 736,1
Bom dia a todos! Apenas para informar 189,0
Preciso de uma reunião para discutir o projeto 735,1
Preciso de uma reunião para discutir o projeto 674,1
Preciso de uma reunião para discutir o projeto 719,1
Bom dia a todos! Apenas para informar 4,0
Preciso de uma reunião para discutir o projeto 165,1
Preciso de uma reunião para discutir o projeto 696,1
Bom dia a todos! Apenas para informar 105,0
Preciso de uma reunião para discutir o projeto 647,1
Preciso de uma reunião para discutir o projeto 442,1
Preciso de uma reunião para discutir o projeto 373,1
Bom dia a todos! Apenas para informar 184,0
Bom dia a todos! Apenas para informar 5,0
Bom dia a todos! Apenas para informar 116,0
Preciso de uma reunião para discutir o projeto 37,1
Preciso de uma reunião para discutir o projeto 759,1
Preciso de uma reunião para discutir o projeto 474,1
Preciso de uma reunião para discutir o projeto 400,1
Preciso de uma reunião para discutir o projeto 8,1
Preciso de uma reunião para discutir o projeto 63,1
Preciso de uma reunião para discutir o projeto 85,1
Bom dia a todos! Apenas para informar 126,0
Preciso de uma reunião para discutir o projeto 395,1
Bom dia a todos! Apenas para informar 199,0
Bom dia a todos! Apenas para informar 76,0
Bom dia a todos! Apenas para informar 97,0
Preciso de uma reunião para discutir o projeto 744,1
Preciso de uma reunião para discutir o projeto 29,1
Preciso de uma reunião para discutir o projeto 529,1
Bom dia a todos! Apenas para informar 108,0
Preciso de uma reunião para discutir o projeto 328,1
Bom dia a todos! Apenas para informar 6,0
Preciso de uma reunião para discutir o projeto 344,1
Bom dia a todos! Apenas para informar 110,0
Preciso de uma reunião para discutir o projeto 227,1
Preciso de uma reunião para discutir o projeto 518,1
Preciso de uma reunião para discutir o projeto 41,1
Preciso de uma reunião para discutir o projeto 667,1
Bom dia a todos! Apenas para informar 130,0
Bom dia a todos! Apenas para informar 125,0
Bom dia a todos! Apenas para informar 50,0
Bom dia a todos! Apenas para informar 108,0
Bom dia a todos! Apenas para informar 44,0
Preciso de uma reunião para discutir o projeto 356,1
Preciso de uma reunião para discutir o projeto 604,1
Bom dia a todos! Apenas para informar 138,0
Bom dia a todos! Apenas para informar 40,0
Bom dia a todos! Apenas para informar 88,0
Preciso de uma reunião para discutir o projeto 756,1
Bom dia a todos! Apenas para informar 13,0
Preciso de uma reunião para discutir o projeto 365,1
Bom dia a todos! Apenas para informar 69,0
Preciso de uma reunião para discutir o projeto 664,1
Preciso de uma reunião para discutir o projeto 639,1
Bom dia a todos! Apenas para informar 166,0
Preciso de uma reunião para discutir o projeto 14,1
Preciso de uma reunião para discutir o projeto 547,1
Preciso de uma reunião para discutir o projeto 143,1
Preciso de uma reunião para discutir o projeto 468,1
Bom dia a todos! Apenas para informar 168,0
Bom dia a todos! Apenas para informar 186,0
Bom dia a todos! Apenas para informar 7,0
Preciso de uma reunião para discutir o projeto 634,1
Bom dia a todos! Apenas para informar 44,0
Bom dia a todos! Apenas para informar 47,0
Preciso de uma reunião para discutir o projeto 381,1
Preciso de uma reunião para discutir o projeto 106,1
Preciso de uma reunião para discutir o projeto 535,1
Preciso de uma reunião para discutir o projeto 767,1
Preciso de uma reunião para discutir o projeto 438,1
Preciso de uma reunião para discutir o projeto 467,1
Bom dia a todos! Apenas para informar 89,0
Bom dia a todos! Apenas para informar 97,0
Bom dia a todos! Apenas para informar 44,0
Preciso de uma reunião para discutir o projeto 443,1
Bom dia a todos! Apenas para informar 37,0
Bom dia a todos! Apenas para informar 98,0
Bom dia a todos! Apenas para informar 182,0
Bom dia a todos! Apenas para informar 172,0
Bom dia a todos! Apenas para informar 52,0
Preciso de uma reunião para discutir o projeto 596,1
Preciso de uma reunião para discutir o projeto 370,1
Bom dia a todos! Apenas para informar 98,0
Bom dia a todos! Apenas para informar 156,0
Bom dia a todos! Apenas para informar 104,0
Bom dia a todos! Apenas para informar 116,0
Bom dia a todos! Apenas para informar 102,0
Bom dia a todos! Apenas para informar 16,0
Preciso de uma reunião para discutir o projeto 451,1
Bom dia a todos! Apenas para informar 98,0
Preciso de uma reunião para discutir o projeto 461,1
Preciso de uma reunião para discutir o projeto 263,1
Bom dia a todos! Apenas para informar 84,0
Preciso de uma reunião para discutir o projeto 709,1
Preciso de uma reunião para discutir o projeto 204,1
Bom dia a todos! Apenas para informar 173,0
Preciso de uma reunião para discutir o projeto 453,1
Preciso de uma reunião para discutir o projeto 17,1
Preciso de uma reunião para discutir o projeto 132,1
Bom dia a todos! Apenas para informar 187,0
Preciso de uma reunião para discutir o projeto 298,1
Preciso de uma reunião para discutir o projeto 546,1
Preciso de uma reunião para discutir o projeto 549,1
Bom dia a todos! Apenas para informar 167,0
Bom dia a todos! Apenas para informar 19,0
Bom dia a todos! Apenas para informar 158,0
Bom dia a todos! Apenas para informar 139,0
Preciso de uma reunião para discutir o projeto 766,1
Bom dia a todos! Apenas para informar 169,0
Bom dia a todos! Apenas para informar 34,0
Bom dia a todos! Apenas para informar 72,0
Preciso de uma reunião para discutir o projeto 452,1
Preciso de uma reunião para discutir o projeto 681,1
Preciso de uma reunião para discutir o projeto 749,1
Preciso de uma reunião para discutir o projeto 491,1
Preciso de uma reunião para discutir o projeto 150,1
Bom dia a todos! Apenas para informar 66,0
Preciso de uma reunião para discutir o projeto 257,1
Bom dia a todos! Apenas para informar 128,0
Preciso de uma reunião para discutir o projeto 336,1
Bom dia a todos! Apenas para informar 80,0
Preciso de uma reunião para discutir o projeto 752,1
Preciso de uma reunião para discutir o projeto 789,1
Preciso de uma reunião para discutir o projeto 174,1
Bom dia a todos! Apenas para informar 152,0
Preciso de uma reunião para discutir o projeto 412,1
Bom dia a todos! Apenas para informar 40,0
Preciso de uma reunião para discutir o projeto 196,1
Preciso de uma reunião para discutir o projeto 699,1
Bom dia a todos! Apenas para informar 81,0
Bom dia a todos! Apenas para informar 123,0
Preciso de uma reunião para discutir o projeto 242,1
Bom dia a todos! Apenas para informar 50,0
Bom dia a todos! Apenas para informar 24,0
Preciso de uma reunião para discutir o projeto 125,1
Preciso de uma reunião para discutir o projeto 233,1
Bom dia a todos! Apenas para informar 64,0
Preciso de uma reunião para discutir o projeto 599,1
Preciso de uma reunião para discutir o projeto 128,1
Bom dia a todos! Apenas para informar 128,0
Bom dia a todos! Apenas para informar 31,0
Preciso de uma reunião para discutir o projeto 714,1
Bom dia a todos! Apenas para informar 150,0
Preciso de uma reunião para discutir o projeto 703,1
Bom dia a todos! Apenas para informar 139,0
Preciso de uma reunião para discutir o projeto 114,1
Preciso de uma reunião para discutir o projeto 425,1
Bom dia a todos! Apenas para informar 168,0
Bom dia a todos! Apenas para informar 19,0
Bom dia a todos! Apenas para informar 88,0
Bom dia a todos! Apenas para informar 74,0
Preciso de uma reunião para discutir o projeto 378,1
Bom dia a todos! Apenas para informar 51,0
Bom dia a todos! Apenas para informar 119,0
